<?xml version="1.0" encoding="utf-8"?><App xmlns="http://schemas.microsoft.com/sharepoint/2012/app/manifest" Name="resource-information-dashboard-client-side-solution" ProductID="41a20419-e8eb-4ad9-a049-f5f49ce6dce5" SharePointMinVersion="16.0.0.0" IsClientSideSolution="true" Version="1.0.0.0" SkipFeatureDeployment="true" IsDomainIsolated="false"><Properties><Title>resource-information-dashboard-client-side-solution</Title><DeveloperProperties>{&quot;name&quot;:&quot;&quot;,&quot;websiteUrl&quot;:&quot;&quot;,&quot;privacyUrl&quot;:&quot;&quot;,&quot;termsOfUseUrl&quot;:&quot;&quot;,&quot;mpnId&quot;:&quot;Undefined-1.18.2&quot;}</DeveloperProperties><ShortDescription><LocalizedString CultureName="default">ResourceInformationDashboard description</LocalizedString></ShortDescription><LongDescription><LocalizedString CultureName="default">ResourceInformationDashboard description</LocalizedString></LongDescription><Screenshots></Screenshots></Properties></App>